{"name":"lynne588_walt-disney-world-ride-data","title":"Walt Disney World Ride Data","description":"This shows a variety of characteristics related to the current Walt Disney World ride-specific attractions.\n\nThis data set was originally curated for my masters capstone project where we were designing a new hypothetical new ride for the WDW resort. We wanted to explore the distributions of different characteristics for current rides to determine what isn't being represented/covered. There is a wide variety of characteristics in this data set including location, type, age group interest, ratings, how long the ride has been open, and much more. \n\nData sources that were used to collect the characteristics:\n\nhttps://disneyworld.disney.go.com/attractions/\nhttp://www.wdwinfo.com/wdwinfo/ridelength.htm\nhttps://www.wdwmagic.com/attractions/toy-story-land/news/28jun2018-ride-duration-for-slinky-dog-dash-and-alien-swirling-saucers.htm\nhttps://touringplans.com/magic-kingdom/attractions/opening-dates\nhttps://touringplans.com/epcot/attractions/opening-dates\nhttps://touringplans.com/hollywood-studios/attractions/opening-dates\nhttps://touringplans.com/animal-kingdom/attractions/opening-dates\nhttps://www.travelandleisure.com/trip-ideas/disney-vacations/best-worst-disney-world-rides\nhttps://www.tripadvisor.com/Attractions-g34515-Activities-c56-t278-zfr8428124-Orlando_Florida.html","homepage":"https://data.world/lynne588/walt-disney-world-ride-data","resources":[{"name":"data","schema":{"fields":[{"name":"ride_name","title":"Ride_name","description":"full name of ride","type":"string","rdfType":"http://www.w3.org/2001/XMLSchema#string","dwSourceId":"ride_name"},{"name":"park_location","title":"Park_location","description":"park name: MK = Magic Kingdom, EC = Epcot Center, HS = Hollywood Studios, AK = Animal Kingdom","type":"string","rdfType":"http://www.w3.org/2001/XMLSchema#string","dwSourceId":"park_location"},{"name":"park_area","title":"Park_area","description":"specifica area inside the park","type":"string","rdfType":"http://www.w3.org/2001/XMLSchema#string","dwSourceId":"park_area"},{"name":"ride_type_all","title":"Ride_type_all","description":"specifications of ride style including thrill, spinning, slow, small drops, big drops, dark, scary, and water","type":"string","rdfType":"http://www.w3.org/2001/XMLSchema#string","dwSourceId":"ride_type_all"},{"name":"ride_type_thrill","title":"Ride_type_thrill","description":"yes-no indicator of thrill ride type","type":"string","rdfType":"http://www.w3.org/2001/XMLSchema#string","dwSourceId":"ride_type_thrill"},{"name":"ride_type_spinning","title":"Ride_type_spinning","description":"yes-no indicator of spinning ride type","type":"string","rdfType":"http://www.w3.org/2001/XMLSchema#string","dwSourceId":"ride_type_spinning"},{"name":"ride_type_slow","title":"Ride_type_slow","description":"yes-no indicator of slow ride type","type":"string","rdfType":"http://www.w3.org/2001/XMLSchema#string","dwSourceId":"ride_type_slow"},{"name":"ride_type_small_drops","title":"Ride_type_small_drops","description":"yes-no indicator of ride type with small drops","type":"string","rdfType":"http://www.w3.org/2001/XMLSchema#string","dwSourceId":"ride_type_small_drops"},{"name":"ride_type_big_drops","title":"Ride_type_big_drops","description":"yes-no indicator of ride type with big drops","type":"string","rdfType":"http://www.w3.org/2001/XMLSchema#string","dwSourceId":"ride_type_big_drops"},{"name":"ride_type_dark","title":"Ride_type_dark","description":"yes-no indicator of a ride that is dark","type":"string","rdfType":"http://www.w3.org/2001/XMLSchema#string","dwSourceId":"ride_type_dark"},{"name":"ride_type_scary","title":"Ride_type_scary","description":"yes-no indicator of a ride that is scary","type":"string","rdfType":"http://www.w3.org/2001/XMLSchema#string","dwSourceId":"ride_type_scary"},{"name":"ride_type_water","title":"Ride_type_water","description":"yes-no indicator of a ride that has water- you may get wet!","type":"string","rdfType":"http://www.w3.org/2001/XMLSchema#string","dwSourceId":"ride_type_water"},{"name":"fast_pass","title":"Fast_pass","description":"yes-no indicator if the ride offers fast pass option","type":"string","rdfType":"http://www.w3.org/2001/XMLSchema#string","dwSourceId":"fast_pass"},{"name":"classic","title":"Classic","description":"yes-no indicator if this is considered a classic ride","type":"string","rdfType":"http://www.w3.org/2001/XMLSchema#string","dwSourceId":"classic"},{"name":"age_interest_all","title":"Age_interest_all","description":"specifications of age area that would enjoy this ride","type":"string","rdfType":"http://www.w3.org/2001/XMLSchema#string","dwSourceId":"age_interest_all"},{"name":"age_interest_preschoolers","title":"Age_interest_preschoolers","description":"yes-no indicator that preschoolers would enjoy this ride","type":"string","rdfType":"http://www.w3.org/2001/XMLSchema#string","dwSourceId":"age_interest_preschoolers"},{"name":"age_interest_kids","title":"Age_interest_kids","description":"yes-no indicator that kids would enjoy this ride","type":"string","rdfType":"http://www.w3.org/2001/XMLSchema#string","dwSourceId":"age_interest_kids"},{"name":"age_interest_tweens","title":"Age_interest_tweens","description":"yes-no indicator that tweens would enjoy this ride","type":"string","rdfType":"http://www.w3.org/2001/XMLSchema#string","dwSourceId":"age_interest_tweens"},{"name":"age_interest_teens","title":"Age_interest_teens","description":"yes-no indicator that teens would enjoy this ride","type":"string","rdfType":"http://www.w3.org/2001/XMLSchema#string","dwSourceId":"age_interest_teens"},{"name":"age_interest_adults","title":"Age_interest_adults","description":"yes-no indicator that adults would enjoy this ride","type":"string","rdfType":"http://www.w3.org/2001/XMLSchema#string","dwSourceId":"age_interest_adults"},{"name":"height_req_inches","title":"Height_req_inches","description":"height requirement for ride in inches. 0 = no height requirement","type":"integer","rdfType":"http://www.w3.org/2001/XMLSchema#integer","dwSourceId":"height_req_inches"},{"name":"ride_duration_min","title":"Ride_duration_min","description":"how long the ride lasts to the nearest quarter minute","type":"number","rdfType":"http://www.w3.org/2001/XMLSchema#decimal","dwSourceId":"ride_duration_min"},{"name":"open_date","title":"Open_date","description":"exact date that the ride was open and available to the public","type":"date","rdfType":"http://www.w3.org/2001/XMLSchema#date","dwSourceId":"open_date"},{"name":"age_of_ride_days","title":"Age_of_ride_days","description":"how long the ride has been open in days","type":"integer","rdfType":"http://www.w3.org/2001/XMLSchema#integer","dwSourceId":"age_of_ride_days"},{"name":"age_of_ride_years","title":"Age_of_ride_years","description":"how long the ride has been open in years","type":"number","rdfType":"http://www.w3.org/2001/XMLSchema#decimal","dwSourceId":"age_of_ride_years"},{"name":"age_of_ride_total","title":"Age_of_ride_total","description":"how long the ride has been open in years, months, and days","type":"string","rdfType":"http://www.w3.org/2001/XMLSchema#string","dwSourceId":"age_of_ride_total"},{"name":"tl_rank","title":"TL_rank","description":"ranking of rides (1 being the best) provided by Travel and Leisure, NA means they were not included in the list, some ratings may be missing as they belonged to non-ride attractions","type":"integer","rdfType":"http://www.w3.org/2001/XMLSchema#integer","dwSourceId":"tl_rank"},{"name":"ta_stars","title":"TA_Stars","description":"number of stars given by TripAdvisor visitors out of 5 stars (5 stars being the best rating), NA means no data is available yet","type":"number","rdfType":"http://www.w3.org/2001/XMLSchema#decimal","dwSourceId":"ta_stars"}]},"path":"data/data.csv","format":"csv"},{"name":"original/WDW_Ride_Data_DW.xlsx","path":"original/WDW_Ride_Data_DW.xlsx","format":"xlsx","mediatype":"application/vnd.openxmlformats-officedocument.spreadsheetml.sheet","bytes":17374}]}